Workbook
Name Confidence: Lists!$B$5:$D$5
Name Helpfulness1to5: Lists!$B$7:$F$7
Name PainPoints: Lists!$B$11:$L$11
Name Rework: Lists!$B$9:$D$9
Name UseType: Lists!$B$13:$I$13
Name YesNo: Lists!$B$3:$C$3

Sheet README
A1: GitHub Copilot (GHCP) Daily Capture + Scorecard Template
A3: Purpose
A4: Make Copilot usage a normal part of the daily scrum by capturing quick, consistent signals per person (1–2 minutes each) and rolling them up into sprint/team scorecards.
A6: How to use (recommended routine)
A7: 1) During daily scrum, the Scrum Master asks the GHCP questions after each person’s normal update. 2) Capture answers in the 'Daily Capture' sheet (one row per person per day). 3) Review the 'Sprint Summary' weekly and the 'Scorecard' at sprint end. 4) Use 'Dashboard' for trends and leadership updates.
A9: Suggested 60–90 second GHCP question set (keep it lightweight)
A10: Q1. Did you use GHCP since the last standup? (Yes/No) Q2. What did you use it for? (pick top 1–2: feature, bug fix, tests, docs, refactor, DevOps, learning) Q3. Net time impact: how many minutes saved (+) or wasted (-)? (quick estimate) Q4. Helpfulness (1–5) and confidence in your time estimate (High/Med/Low) Q5. Any pain point category? (pick one) + optional note Q6 (only if needed). Any rework or quality concern from Copilot-generated output? (None/Some/A lot)
A12: Scoring overview (Scorecard sheet)
A13: Overall score (0–100) is a weighted mix: • Adoption (30): % of rows where GHCP used = Yes • Net time impact (30): normalized net minutes saved per person-day (cap at ±60 min) • Sentiment (20): average helpfulness (1–5) • Rework (20): penalty based on 'Some'/'A lot' rework selections Tip: You can tune weights in Scorecard!B9:B12.

Sheet Daily Capture
A1: Date | B1: Sprint | C1: Team | D1: Scrum Master | E1: Person | F1: Role | G1: Used GHCP? | H1: Primary Use Type | I1: Secondary Use Type | J1: Net minutes saved (+) / wasted (-) | K1: Confidence (time estimate) | L1: Helpfulness (1–5) | M1: Rework from GHCP output | N1: Top pain point | O1: Follow-up needed? | P1: Follow-up owner | Q1: Follow-up due | R1: Notes (optional)
A2: 46029 | B2: Sprint1 | C2: TeamA | D2: John | E2: Ash | F2: Dev | G2: Yes | H2: Bug fix | I2: Other | J2: 120 | K2: Medium | L2: 2 | M2: Some | N2: Test generation not useful | O2: Yes | P2: John | Q2: 46030
A3: 46029 | B3: Sprint1 | C3: TeamA | D3: John | E3: Pete | F3: Dev | G3: Yes | H3: Feature | I3: Feature | J3: -30 | K3: Low | L3: 1 | M3: A lot | N3: Hallucinated APIs / incorrect usage | O3: Yes | P3: John | Q3: 46030
A4: 46036 | B4: Sprint2 | C4: TeamA | D4: John | E4: Ash | F4: Dev | G4: Yes | H4: Documentation | I4: Refactor | J4: 40 | K4: High | L4: 4 | M4: None | N4: None | O4: No | P4: John | Q4: 46037
A5: 46036 | B5: Sprint2 | C5: TeamA | D5: John | E5: Pete | F5: Dev | G5: Yes | H5: Refactor | I5: DevOps/IaC | J5: 60 | K5: High | L5: 4 | M5: None | N5: None | O5: No | P5: John | Q5: 46037
A6: 46036 | B6: Sprint2 | C6: TeamA | D6: John | E6: Mark | F6: Tester | G6: Yes | H6: Refactor | I6: Refactor | J6: 60 | K6: Medium | L6: 3 | M6: Some | N6: Wrong/low-quality suggestion | O6: No | P6: John | Q6: 46037

Sheet Sprint Summary
A1: Sprint Summary (auto from Daily Capture)
A3: Select Sprint:
A4: Select Team:
A5: Date range start: | B5: 46029
A6: Date range end: | B6: 46043
A8: KPIs
A9: Person-days captured | B9: Total rows (people) captured in date range | C9: =COUNTIFS('Daily Capture'!$A$2:$A$201,">="&$B$5,'Daily Capture'!$A$2:$A$201,"<="&$B$6,'Daily Capture'!$B$2:$B$201,IF($B$3="","*", $B$3),'Daily Capture'!$C$2:$C$201,IF($B$4="","*", $B$4),'Daily Capture'!$E$2:$E$201,"<>") -> 5
A10: Adoption rate | B10: % rows where Used GHCP? = Yes | C10: =IF($C$9=0,"",COUNTIFS('Daily Capture'!$A$2:$A$201,">="&$B$5,'Daily Capture'!$A$2:$A$201,"<="&$B$6,'Daily Capture'!$B$2:$B$201,IF($B$3="","*", $B$3),'Daily Capture'!$C$2:$C$201,IF($B$4="","*", $B$4),'Daily Capture'!$G$2:$G$201,"Yes")/$C$9) -> 1
A11: Net minutes (total) | B11: Sum of net minutes saved (+) / wasted (-) | C11: =IF($C$9=0,"",SUMIFS('Daily Capture'!$J$2:$J$201,'Daily Capture'!$A$2:$A$201,">="&$B$5,'Daily Capture'!$A$2:$A$201,"<="&$B$6,'Daily Capture'!$B$2:$B$201,IF($B$3="","*", $B$3),'Daily Capture'!$C$2:$C$201,IF($B$4="","*", $B$4))) -> 250
A12: Net hours (total) | B12: Net minutes / 60 | C12: =IF($C$11="","",$C$11/60) -> 4.1666667
A13: Avg helpfulness (1–5) | B13: Average of Helpfulness ratings | C13: =IF($C$9=0,"",AVERAGEIFS('Daily Capture'!$L$2:$L$201,'Daily Capture'!$A$2:$A$201,">="&$B$5,'Daily Capture'!$A$2:$A$201,"<="&$B$6,'Daily Capture'!$B$2:$B$201,IF($B$3="","*", $B$3),'Daily Capture'!$C$2:$C$201,IF($B$4="","*", $B$4),'Daily Capture'!$L$2:$L$201,">0")) -> 2.8
A14: Rework rate | B14: % rows with Rework = Some or A lot | C14: =IF($C$9=0,"",(COUNTIFS('Daily Capture'!$A$2:$A$201,">="&$B$5,'Daily Capture'!$A$2:$A$201,"<="&$B$6,'Daily Capture'!$B$2:$B$201,IF($B$3="","*", $B$3),'Daily Capture'!$C$2:$C$201,IF($B$4="","*", $B$4),'Daily Capture'!$M$2:$M$201,"Some")+COUNTIFS('Daily Capture'!$A$2:$A$201,">="&$B$5,'Daily Capture'!$A$2:$A$201,"<="&$B$6,'Daily Capture'!$B$2:$B$201,IF($B$3="","*", $B$3),'Daily Capture'!$C$2:$C$201,IF($B$4="","*", $B$4),'Daily Capture'!$M$2:$M$201,"A lot"))/$C$9) -> 0.6
A16: Pain point counts (for selected sprint/team/date range)
A17: Pain point | B17: Count | C17: % of rows
A18: None | B18: =COUNTIFS('Daily Capture'!$A$2:$A$201,">="&$B$5,'Daily Capture'!$A$2:$A$201,"<="&$B$6,'Daily Capture'!$B$2:$B$201,IF($B$3="","*", $B$3),'Daily Capture'!$C$2:$C$201,IF($B$4="","*", $B$4),'Daily Capture'!$N$2:$N$201,$A18) -> 2 | C18: =IF($C$9=0,"",$B18/$C$9) -> 0.4
A19: Wrong/low-quality suggestion | B19: =COUNTIFS('Daily Capture'!$A$2:$A$201,">="&$B$5,'Daily Capture'!$A$2:$A$201,"<="&$B$6,'Daily Capture'!$B$2:$B$201,IF($B$3="","*", $B$3),'Daily Capture'!$C$2:$C$201,IF($B$4="","*", $B$4),'Daily Capture'!$N$2:$N$201,$A19) -> 1 | C19: =IF($C$9=0,"",$B19/$C$9) -> 0.2
A20: Security/compliance concern | B20: =COUNTIFS('Daily Capture'!$A$2:$A$201,">="&$B$5,'Daily Capture'!$A$2:$A$201,"<="&$B$6,'Daily Capture'!$B$2:$B$201,IF($B$3="","*", $B$3),'Daily Capture'!$C$2:$C$201,IF($B$4="","*", $B$4),'Daily Capture'!$N$2:$N$201,$A20) -> 0 | C20: =IF($C$9=0,"",$B20/$C$9) -> 0
A21: Test generation not useful | B21: =COUNTIFS('Daily Capture'!$A$2:$A$201,">="&$B$5,'Daily Capture'!$A$2:$A$201,"<="&$B$6,'Daily Capture'!$B$2:$B$201,IF($B$3="","*", $B$3),'Daily Capture'!$C$2:$C$201,IF($B$4="","*", $B$4),'Daily Capture'!$N$2:$N$201,$A21) -> 1 | C21: =IF($C$9=0,"",$B21/$C$9) -> 0.2
A22: Hallucinated APIs / incorrect usage | B22: =COUNTIFS('Daily Capture'!$A$2:$A$201,">="&$B$5,'Daily Capture'!$A$2:$A$201,"<="&$B$6,'Daily Capture'!$B$2:$B$201,IF($B$3="","*", $B$3),'Daily Capture'!$C$2:$C$201,IF($B$4="","*", $B$4),'Daily Capture'!$N$2:$N$201,$A22) -> 1 | C22: =IF($C$9=0,"",$B22/$C$9) -> 0.2
A23: Context missing (repo too large / not enough files) | B23: =COUNTIFS('Daily Capture'!$A$2:$A$201,">="&$B$5,'Daily Capture'!$A$2:$A$201,"<="&$B$6,'Daily Capture'!$B$2:$B$201,IF($B$3="","*", $B$3),'Daily Capture'!$C$2:$C$201,IF($B$4="","*", $B$4),'Daily Capture'!$N$2:$N$201,$A23) -> 0 | C23: =IF($C$9=0,"",$B23/$C$9) -> 0
A24: Prompting/asking took too long | B24: =COUNTIFS('Daily Capture'!$A$2:$A$201,">="&$B$5,'Daily Capture'!$A$2:$A$201,"<="&$B$6,'Daily Capture'!$B$2:$B$201,IF($B$3="","*", $B$3),'Daily Capture'!$C$2:$C$201,IF($B$4="","*", $B$4),'Daily Capture'!$N$2:$N$201,$A24) -> 0 | C24: =IF($C$9=0,"",$B24/$C$9) -> 0
A25: Refactor/review overhead increased | B25: =COUNTIFS('Daily Capture'!$A$2:$A$201,">="&$B$5,'Daily Capture'!$A$2:$A$201,"<="&$B$6,'Daily Capture'!$B$2:$B$201,IF($B$3="","*", $B$3),'Daily Capture'!$C$2:$C$201,IF($B$4="","*", $B$4),'Daily Capture'!$N$2:$N$201,$A25) -> 0 | C25: =IF($C$9=0,"",$B25/$C$9) -> 0
A26: Performance/latency issues | B26: =COUNTIFS('Daily Capture'!$A$2:$A$201,">="&$B$5,'Daily Capture'!$A$2:$A$201,"<="&$B$6,'Daily Capture'!$B$2:$B$201,IF($B$3="","*", $B$3),'Daily Capture'!$C$2:$C$201,IF($B$4="","*", $B$4),'Daily Capture'!$N$2:$N$201,$A26) -> 0 | C26: =IF($C$9=0,"",$B26/$C$9) -> 0
A27: Policy blocked (restricted code/data) | B27: =COUNTIFS('Daily Capture'!$A$2:$A$201,">="&$B$5,'Daily Capture'!$A$2:$A$201,"<="&$B$6,'Daily Capture'!$B$2:$B$201,IF($B$3="","*", $B$3),'Daily Capture'!$C$2:$C$201,IF($B$4="","*", $B$4),'Daily Capture'!$N$2:$N$201,$A27) -> 0 | C27: =IF($C$9=0,"",$B27/$C$9) -> 0
A28: Other | B28: =COUNTIFS('Daily Capture'!$A$2:$A$201,">="&$B$5,'Daily Capture'!$A$2:$A$201,"<="&$B$6,'Daily Capture'!$B$2:$B$201,IF($B$3="","*", $B$3),'Daily Capture'!$C$2:$C$201,IF($B$4="","*", $B$4),'Daily Capture'!$N$2:$N$201,$A28) -> 0 | C28: =IF($C$9=0,"",$B28/$C$9) -> 0
A31: Top pain point (by count) | B31: =IF($C$9=0,"",INDEX($A$18:$A$28, MATCH(MAX($B$18:$B$28), $B$18:$B$28, 0))) -> None

Sheet Scorecard
A1: Sprint / Team GHCP Scorecard
A3: Scoring controls (edit blue cells)
A4: Adoption target (100 score at this %) | B4: 0.8
A5: Net minutes cap for scoring (± minutes) | B5: 60
A6: Rework penalty factor (1.0 = linear) | B6: 1
A8: Weights (must sum to 1.0)
A9: Adoption weight | B9: 0.3
A10: Time impact weight | B10: 0.3
A11: Sentiment weight | B11: 0.2
A12: Rework weight | B12: 0.2
A13: Weight check | B13: =SUM($B$9:$B$12) -> 1
A15: Sprint | B15: Team | C15: Start date | D15: End date | E15: Person-days | F15: Adoption % | G15: Net minutes | H15: Net hours | I15: Avg helpfulness | J15: Rework rate | K15: Adoption score | L15: Time score | M15: Sentiment score | N15: Rework score | O15: Overall (0–100) | P15: Deploy freq (optional) | Q15: Lead time (optional) | R15: CFR (optional) | S15: MTTR (optional)
E16: =COUNTIFS('Daily Capture'!$A$2:$A$201,">="&$C16,'Daily Capture'!$A$2:$A$201,"<="&$D16,'Daily Capture'!$B$2:$B$201,IF($A16="","*", $A16),'Daily Capture'!$C$2:$C$201,IF($B16="","*", $B16),'Daily Capture'!$E$2:$E$201,"<>") -> 0 | F16: =IF($E16=0,"",COUNTIFS('Daily Capture'!$A$2:$A$201,">="&$C16,'Daily Capture'!$A$2:$A$201,"<="&$D16,'Daily Capture'!$B$2:$B$201,IF($A16="","*", $A16),'Daily Capture'!$C$2:$C$201,IF($B16="","*", $B16),'Daily Capture'!$G$2:$G$201,"Yes")/$E16) | G16: =IF($E16=0,"",SUMIFS('Daily Capture'!$J$2:$J$201,'Daily Capture'!$A$2:$A$201,">="&$C16,'Daily Capture'!$A$2:$A$201,"<="&$D16,'Daily Capture'!$B$2:$B$201,IF($A16="","*", $A16),'Daily Capture'!$C$2:$C$201,IF($B16="","*", $B16))) | H16: =IF($G16="","",$G16/60) | I16: =IF($E16=0,"",AVERAGEIFS('Daily Capture'!$L$2:$L$201,'Daily Capture'!$A$2:$A$201,">="&$C16,'Daily Capture'!$A$2:$A$201,"<="&$D16,'Daily Capture'!$B$2:$B$201,IF($A16="","*", $A16),'Daily Capture'!$C$2:$C$201,IF($B16="","*", $B16),'Daily Capture'!$L$2:$L$201,">0")) | J16: =IF($E16=0,"",(COUNTIFS('Daily Capture'!$A$2:$A$201,">="&$C16,'Daily Capture'!$A$2:$A$201,"<="&$D16,'Daily Capture'!$B$2:$B$201,IF($A16="","*", $A16),'Daily Capture'!$C$2:$C$201,IF($B16="","*", $B16),'Daily Capture'!$M$2:$M$201,"Some")+COUNTIFS('Daily Capture'!$A$2:$A$201,">="&$C16,'Daily Capture'!$A$2:$A$201,"<="&$D16,'Daily Capture'!$B$2:$B$201,IF($A16="","*", $A16),'Daily Capture'!$C$2:$C$201,IF($B16="","*", $B16),'Daily Capture'!$M$2:$M$201,"A lot"))/$E16) | K16: =IF($F16="","",IF(ROUND($F16/$B$4*100,0)>100,100,ROUND($F16/$B$4*100,0))) | L16: =IF($E16=0,"",IF(((($G16/$E16)+$B$5)/(2*$B$5)*100)<0,0,IF(((($G16/$E16)+$B$5)/(2*$B$5)*100)>100,100,ROUND(((($G16/$E16)+$B$5)/(2*$B$5)*100),0)))) | M16: =IF($I16="","",IF(((($I16-1)/4)*100)<0,0,IF(((($I16-1)/4)*100)>100,100,ROUND(((($I16-1)/4)*100),0)))) | N16: =IF($J16="","",IF((100 - ($J16*100*$B$6))<0,0,ROUND((100 - ($J16*100*$B$6)),0))) | O16: =IF($E16=0,"",ROUND($K16*$B$9 + $L16*$B$10 + $M16*$B$11 + $N16*$B$12,0))
E17: =COUNTIFS('Daily Capture'!$A$2:$A$201,">="&$C17,'Daily Capture'!$A$2:$A$201,"<="&$D17,'Daily Capture'!$B$2:$B$201,IF($A17="","*", $A17),'Daily Capture'!$C$2:$C$201,IF($B17="","*", $B17),'Daily Capture'!$E$2:$E$201,"<>") -> 0 | F17: =IF($E17=0,"",COUNTIFS('Daily Capture'!$A$2:$A$201,">="&$C17,'Daily Capture'!$A$2:$A$201,"<="&$D17,'Daily Capture'!$B$2:$B$201,IF($A17="","*", $A17),'Daily Capture'!$C$2:$C$201,IF($B17="","*", $B17),'Daily Capture'!$G$2:$G$201,"Yes")/$E17) | G17: =IF($E17=0,"",SUMIFS('Daily Capture'!$J$2:$J$201,'Daily Capture'!$A$2:$A$201,">="&$C17,'Daily Capture'!$A$2:$A$201,"<="&$D17,'Daily Capture'!$B$2:$B$201,IF($A17="","*", $A17),'Daily Capture'!$C$2:$C$201,IF($B17="","*", $B17))) | H17: =IF($G17="","",$G17/60) | I17: =IF($E17=0,"",AVERAGEIFS('Daily Capture'!$L$2:$L$201,'Daily Capture'!$A$2:$A$201,">="&$C17,'Daily Capture'!$A$2:$A$201,"<="&$D17,'Daily Capture'!$B$2:$B$201,IF($A17="","*", $A17),'Daily Capture'!$C$2:$C$201,IF($B17="","*", $B17),'Daily Capture'!$L$2:$L$201,">0")) | J17: =IF($E17=0,"",(COUNTIFS('Daily Capture'!$A$2:$A$201,">="&$C17,'Daily Capture'!$A$2:$A$201,"<="&$D17,'Daily Capture'!$B$2:$B$201,IF($A17="","*", $A17),'Daily Capture'!$C$2:$C$201,IF($B17="","*", $B17),'Daily Capture'!$M$2:$M$201,"Some")+COUNTIFS('Daily Capture'!$A$2:$A$201,">="&$C17,'Daily Capture'!$A$2:$A$201,"<="&$D17,'Daily Capture'!$B$2:$B$201,IF($A17="","*", $A17),'Daily Capture'!$C$2:$C$201,IF($B17="","*", $B17),'Daily Capture'!$M$2:$M$201,"A lot"))/$E17) | K17: =IF($F17="","",IF(ROUND($F17/$B$4*100,0)>100,100,ROUND($F17/$B$4*100,0))) | L17: =IF($E17=0,"",IF(((($G17/$E17)+$B$5)/(2*$B$5)*100)<0,0,IF(((($G17/$E17)+$B$5)/(2*$B$5)*100)>100,100,ROUND(((($G17/$E17)+$B$5)/(2*$B$5)*100),0)))) | M17: =IF($I17="","",IF(((($I17-1)/4)*100)<0,0,IF(((($I17-1)/4)*100)>100,100,ROUND(((($I17-1)/4)*100),0)))) | N17: =IF($J17="","",IF((100 - ($J17*100*$B$6))<0,0,ROUND((100 - ($J17*100*$B$6)),0))) | O17: =IF($E17=0,"",ROUND($K17*$B$9 + $L17*$B$10 + $M17*$B$11 + $N17*$B$12,0))
E18: =COUNTIFS('Daily Capture'!$A$2:$A$201,">="&$C18,'Daily Capture'!$A$2:$A$201,"<="&$D18,'Daily Capture'!$B$2:$B$201,IF($A18="","*", $A18),'Daily Capture'!$C$2:$C$201,IF($B18="","*", $B18),'Daily Capture'!$E$2:$E$201,"<>") -> 0 | F18: =IF($E18=0,"",COUNTIFS('Daily Capture'!$A$2:$A$201,">="&$C18,'Daily Capture'!$A$2:$A$201,"<="&$D18,'Daily Capture'!$B$2:$B$201,IF($A18="","*", $A18),'Daily Capture'!$C$2:$C$201,IF($B18="","*", $B18),'Daily Capture'!$G$2:$G$201,"Yes")/$E18) | G18: =IF($E18=0,"",SUMIFS('Daily Capture'!$J$2:$J$201,'Daily Capture'!$A$2:$A$201,">="&$C18,'Daily Capture'!$A$2:$A$201,"<="&$D18,'Daily Capture'!$B$2:$B$201,IF($A18="","*", $A18),'Daily Capture'!$C$2:$C$201,IF($B18="","*", $B18))) | H18: =IF($G18="","",$G18/60) | I18: =IF($E18=0,"",AVERAGEIFS('Daily Capture'!$L$2:$L$201,'Daily Capture'!$A$2:$A$201,">="&$C18,'Daily Capture'!$A$2:$A$201,"<="&$D18,'Daily Capture'!$B$2:$B$201,IF($A18="","*", $A18),'Daily Capture'!$C$2:$C$201,IF($B18="","*", $B18),'Daily Capture'!$L$2:$L$201,">0")) | J18: =IF($E18=0,"",(COUNTIFS('Daily Capture'!$A$2:$A$201,">="&$C18,'Daily Capture'!$A$2:$A$201,"<="&$D18,'Daily Capture'!$B$2:$B$201,IF($A18="","*", $A18),'Daily Capture'!$C$2:$C$201,IF($B18="","*", $B18),'Daily Capture'!$M$2:$M$201,"Some")+COUNTIFS('Daily Capture'!$A$2:$A$201,">="&$C18,'Daily Capture'!$A$2:$A$201,"<="&$D18,'Daily Capture'!$B$2:$B$201,IF($A18="","*", $A18),'Daily Capture'!$C$2:$C$201,IF($B18="","*", $B18),'Daily Capture'!$M$2:$M$201,"A lot"))/$E18) | K18: =IF($F18="","",IF(ROUND($F18/$B$4*100,0)>100,100,ROUND($F18/$B$4*100,0))) | L18: =IF($E18=0,"",IF(((($G18/$E18)+$B$5)/(2*$B$5)*100)<0,0,IF(((($G18/$E18)+$B$5)/(2*$B$5)*100)>100,100,ROUND(((($G18/$E18)+$B$5)/(2*$B$5)*100),0)))) | M18: =IF($I18="","",IF(((($I18-1)/4)*100)<0,0,IF(((($I18-1)/4)*100)>100,100,ROUND(((($I18-1)/4)*100),0)))) | N18: =IF($J18="","",IF((100 - ($J18*100*$B$6))<0,0,ROUND((100 - ($J18*100*$B$6)),0))) | O18: =IF($E18=0,"",ROUND($K18*$B$9 + $L18*$B$10 + $M18*$B$11 + $N18*$B$12,0))
E19: =COUNTIFS('Daily Capture'!$A$2:$A$201,">="&$C19,'Daily Capture'!$A$2:$A$201,"<="&$D19,'Daily Capture'!$B$2:$B$201,IF($A19="","*", $A19),'Daily Capture'!$C$2:$C$201,IF($B19="","*", $B19),'Daily Capture'!$E$2:$E$201,"<>") -> 0 | F19: =IF($E19=0,"",COUNTIFS('Daily Capture'!$A$2:$A$201,">="&$C19,'Daily Capture'!$A$2:$A$201,"<="&$D19,'Daily Capture'!$B$2:$B$201,IF($A19="","*", $A19),'Daily Capture'!$C$2:$C$201,IF($B19="","*", $B19),'Daily Capture'!$G$2:$G$201,"Yes")/$E19) | G19: =IF($E19=0,"",SUMIFS('Daily Capture'!$J$2:$J$201,'Daily Capture'!$A$2:$A$201,">="&$C19,'Daily Capture'!$A$2:$A$201,"<="&$D19,'Daily Capture'!$B$2:$B$201,IF($A19="","*", $A19),'Daily Capture'!$C$2:$C$201,IF($B19="","*", $B19))) | H19: =IF($G19="","",$G19/60) | I19: =IF($E19=0,"",AVERAGEIFS('Daily Capture'!$L$2:$L$201,'Daily Capture'!$A$2:$A$201,">="&$C19,'Daily Capture'!$A$2:$A$201,"<="&$D19,'Daily Capture'!$B$2:$B$201,IF($A19="","*", $A19),'Daily Capture'!$C$2:$C$201,IF($B19="","*", $B19),'Daily Capture'!$L$2:$L$201,">0")) | J19: =IF($E19=0,"",(COUNTIFS('Daily Capture'!$A$2:$A$201,">="&$C19,'Daily Capture'!$A$2:$A$201,"<="&$D19,'Daily Capture'!$B$2:$B$201,IF($A19="","*", $A19),'Daily Capture'!$C$2:$C$201,IF($B19="","*", $B19),'Daily Capture'!$M$2:$M$201,"Some")+COUNTIFS('Daily Capture'!$A$2:$A$201,">="&$C19,'Daily Capture'!$A$2:$A$201,"<="&$D19,'Daily Capture'!$B$2:$B$201,IF($A19="","*", $A19),'Daily Capture'!$C$2:$C$201,IF($B19="","*", $B19),'Daily Capture'!$M$2:$M$201,"A lot"))/$E19) | K19: =IF($F19="","",IF(ROUND($F19/$B$4*100,0)>100,100,ROUND($F19/$B$4*100,0))) | L19: =IF($E19=0,"",IF(((($G19/$E19)+$B$5)/(2*$B$5)*100)<0,0,IF(((($G19/$E19)+$B$5)/(2*$B$5)*100)>100,100,ROUND(((($G19/$E19)+$B$5)/(2*$B$5)*100),0)))) | M19: =IF($I19="","",IF(((($I19-1)/4)*100)<0,0,IF(((($I19-1)/4)*100)>100,100,ROUND(((($I19-1)/4)*100),0)))) | N19: =IF($J19="","",IF((100 - ($J19*100*$B$6))<0,0,ROUND((100 - ($J19*100*$B$6)),0))) | O19: =IF($E19=0,"",ROUND($K19*$B$9 + $L19*$B$10 + $M19*$B$11 + $N19*$B$12,0))
E20: =COUNTIFS('Daily Capture'!$A$2:$A$201,">="&$C20,'Daily Capture'!$A$2:$A$201,"<="&$D20,'Daily Capture'!$B$2:$B$201,IF($A20="","*", $A20),'Daily Capture'!$C$2:$C$201,IF($B20="","*", $B20),'Daily Capture'!$E$2:$E$201,"<>") -> 0 | F20: =IF($E20=0,"",COUNTIFS('Daily Capture'!$A$2:$A$201,">="&$C20,'Daily Capture'!$A$2:$A$201,"<="&$D20,'Daily Capture'!$B$2:$B$201,IF($A20="","*", $A20),'Daily Capture'!$C$2:$C$201,IF($B20="","*", $B20),'Daily Capture'!$G$2:$G$201,"Yes")/$E20) | G20: =IF($E20=0,"",SUMIFS('Daily Capture'!$J$2:$J$201,'Daily Capture'!$A$2:$A$201,">="&$C20,'Daily Capture'!$A$2:$A$201,"<="&$D20,'Daily Capture'!$B$2:$B$201,IF($A20="","*", $A20),'Daily Capture'!$C$2:$C$201,IF($B20="","*", $B20))) | H20: =IF($G20="","",$G20/60) | I20: =IF($E20=0,"",AVERAGEIFS('Daily Capture'!$L$2:$L$201,'Daily Capture'!$A$2:$A$201,">="&$C20,'Daily Capture'!$A$2:$A$201,"<="&$D20,'Daily Capture'!$B$2:$B$201,IF($A20="","*", $A20),'Daily Capture'!$C$2:$C$201,IF($B20="","*", $B20),'Daily Capture'!$L$2:$L$201,">0")) | J20: =IF($E20=0,"",(COUNTIFS('Daily Capture'!$A$2:$A$201,">="&$C20,'Daily Capture'!$A$2:$A$201,"<="&$D20,'Daily Capture'!$B$2:$B$201,IF($A20="","*", $A20),'Daily Capture'!$C$2:$C$201,IF($B20="","*", $B20),'Daily Capture'!$M$2:$M$201,"Some")+COUNTIFS('Daily Capture'!$A$2:$A$201,">="&$C20,'Daily Capture'!$A$2:$A$201,"<="&$D20,'Daily Capture'!$B$2:$B$201,IF($A20="","*", $A20),'Daily Capture'!$C$2:$C$201,IF($B20="","*", $B20),'Daily Capture'!$M$2:$M$201,"A lot"))/$E20) | K20: =IF($F20="","",IF(ROUND($F20/$B$4*100,0)>100,100,ROUND($F20/$B$4*100,0))) | L20: =IF($E20=0,"",IF(((($G20/$E20)+$B$5)/(2*$B$5)*100)<0,0,IF(((($G20/$E20)+$B$5)/(2*$B$5)*100)>100,100,ROUND(((($G20/$E20)+$B$5)/(2*$B$5)*100),0)))) | M20: =IF($I20="","",IF(((($I20-1)/4)*100)<0,0,IF(((($I20-1)/4)*100)>100,100,ROUND(((($I20-1)/4)*100),0)))) | N20: =IF($J20="","",IF((100 - ($J20*100*$B$6))<0,0,ROUND((100 - ($J20*100*$B$6)),0))) | O20: =IF($E20=0,"",ROUND($K20*$B$9 + $L20*$B$10 + $M20*$B$11 + $N20*$B$12,0))
E21: =COUNTIFS('Daily Capture'!$A$2:$A$201,">="&$C21,'Daily Capture'!$A$2:$A$201,"<="&$D21,'Daily Capture'!$B$2:$B$201,IF($A21="","*", $A21),'Daily Capture'!$C$2:$C$201,IF($B21="","*", $B21),'Daily Capture'!$E$2:$E$201,"<>") -> 0 | F21: =IF($E21=0,"",COUNTIFS('Daily Capture'!$A$2:$A$201,">="&$C21,'Daily Capture'!$A$2:$A$201,"<="&$D21,'Daily Capture'!$B$2:$B$201,IF($A21="","*", $A21),'Daily Capture'!$C$2:$C$201,IF($B21="","*", $B21),'Daily Capture'!$G$2:$G$201,"Yes")/$E21) | G21: =IF($E21=0,"",SUMIFS('Daily Capture'!$J$2:$J$201,'Daily Capture'!$A$2:$A$201,">="&$C21,'Daily Capture'!$A$2:$A$201,"<="&$D21,'Daily Capture'!$B$2:$B$201,IF($A21="","*", $A21),'Daily Capture'!$C$2:$C$201,IF($B21="","*", $B21))) | H21: =IF($G21="","",$G21/60) | I21: =IF($E21=0,"",AVERAGEIFS('Daily Capture'!$L$2:$L$201,'Daily Capture'!$A$2:$A$201,">="&$C21,'Daily Capture'!$A$2:$A$201,"<="&$D21,'Daily Capture'!$B$2:$B$201,IF($A21="","*", $A21),'Daily Capture'!$C$2:$C$201,IF($B21="","*", $B21),'Daily Capture'!$L$2:$L$201,">0")) | J21: =IF($E21=0,"",(COUNTIFS('Daily Capture'!$A$2:$A$201,">="&$C21,'Daily Capture'!$A$2:$A$201,"<="&$D21,'Daily Capture'!$B$2:$B$201,IF($A21="","*", $A21),'Daily Capture'!$C$2:$C$201,IF($B21="","*", $B21),'Daily Capture'!$M$2:$M$201,"Some")+COUNTIFS('Daily Capture'!$A$2:$A$201,">="&$C21,'Daily Capture'!$A$2:$A$201,"<="&$D21,'Daily Capture'!$B$2:$B$201,IF($A21="","*", $A21),'Daily Capture'!$C$2:$C$201,IF($B21="","*", $B21),'Daily Capture'!$M$2:$M$201,"A lot"))/$E21) | K21: =IF($F21="","",IF(ROUND($F21/$B$4*100,0)>100,100,ROUND($F21/$B$4*100,0))) | L21: =IF($E21=0,"",IF(((($G21/$E21)+$B$5)/(2*$B$5)*100)<0,0,IF(((($G21/$E21)+$B$5)/(2*$B$5)*100)>100,100,ROUND(((($G21/$E21)+$B$5)/(2*$B$5)*100),0)))) | M21: =IF($I21="","",IF(((($I21-1)/4)*100)<0,0,IF(((($I21-1)/4)*100)>100,100,ROUND(((($I21-1)/4)*100),0)))) | N21: =IF($J21="","",IF((100 - ($J21*100*$B$6))<0,0,ROUND((100 - ($J21*100*$B$6)),0))) | O21: =IF($E21=0,"",ROUND($K21*$B$9 + $L21*$B$10 + $M21*$B$11 + $N21*$B$12,0))
E22: =COUNTIFS('Daily Capture'!$A$2:$A$201,">="&$C22,'Daily Capture'!$A$2:$A$201,"<="&$D22,'Daily Capture'!$B$2:$B$201,IF($A22="","*", $A22),'Daily Capture'!$C$2:$C$201,IF($B22="","*", $B22),'Daily Capture'!$E$2:$E$201,"<>") -> 0 | F22: =IF($E22=0,"",COUNTIFS('Daily Capture'!$A$2:$A$201,">="&$C22,'Daily Capture'!$A$2:$A$201,"<="&$D22,'Daily Capture'!$B$2:$B$201,IF($A22="","*", $A22),'Daily Capture'!$C$2:$C$201,IF($B22="","*", $B22),'Daily Capture'!$G$2:$G$201,"Yes")/$E22) | G22: =IF($E22=0,"",SUMIFS('Daily Capture'!$J$2:$J$201,'Daily Capture'!$A$2:$A$201,">="&$C22,'Daily Capture'!$A$2:$A$201,"<="&$D22,'Daily Capture'!$B$2:$B$201,IF($A22="","*", $A22),'Daily Capture'!$C$2:$C$201,IF($B22="","*", $B22))) | H22: =IF($G22="","",$G22/60) | I22: =IF($E22=0,"",AVERAGEIFS('Daily Capture'!$L$2:$L$201,'Daily Capture'!$A$2:$A$201,">="&$C22,'Daily Capture'!$A$2:$A$201,"<="&$D22,'Daily Capture'!$B$2:$B$201,IF($A22="","*", $A22),'Daily Capture'!$C$2:$C$201,IF($B22="","*", $B22),'Daily Capture'!$L$2:$L$201,">0")) | J22: =IF($E22=0,"",(COUNTIFS('Daily Capture'!$A$2:$A$201,">="&$C22,'Daily Capture'!$A$2:$A$201,"<="&$D22,'Daily Capture'!$B$2:$B$201,IF($A22="","*", $A22),'Daily Capture'!$C$2:$C$201,IF($B22="","*", $B22),'Daily Capture'!$M$2:$M$201,"Some")+COUNTIFS('Daily Capture'!$A$2:$A$201,">="&$C22,'Daily Capture'!$A$2:$A$201,"<="&$D22,'Daily Capture'!$B$2:$B$201,IF($A22="","*", $A22),'Daily Capture'!$C$2:$C$201,IF($B22="","*", $B22),'Daily Capture'!$M$2:$M$201,"A lot"))/$E22) | K22: =IF($F22="","",IF(ROUND($F22/$B$4*100,0)>100,100,ROUND($F22/$B$4*100,0))) | L22: =IF($E22=0,"",IF(((($G22/$E22)+$B$5)/(2*$B$5)*100)<0,0,IF(((($G22/$E22)+$B$5)/(2*$B$5)*100)>100,100,ROUND(((($G22/$E22)+$B$5)/(2*$B$5)*100),0)))) | M22: =IF($I22="","",IF(((($I22-1)/4)*100)<0,0,IF(((($I22-1)/4)*100)>100,100,ROUND(((($I22-1)/4)*100),0)))) | N22: =IF($J22="","",IF((100 - ($J22*100*$B$6))<0,0,ROUND((100 - ($J22*100*$B$6)),0))) | O22: =IF($E22=0,"",ROUND($K22*$B$9 + $L22*$B$10 + $M22*$B$11 + $N22*$B$12,0))
E23: =COUNTIFS('Daily Capture'!$A$2:$A$201,">="&$C23,'Daily Capture'!$A$2:$A$201,"<="&$D23,'Daily Capture'!$B$2:$B$201,IF($A23="","*", $A23),'Daily Capture'!$C$2:$C$201,IF($B23="","*", $B23),'Daily Capture'!$E$2:$E$201,"<>") -> 0 | F23: =IF($E23=0,"",COUNTIFS('Daily Capture'!$A$2:$A$201,">="&$C23,'Daily Capture'!$A$2:$A$201,"<="&$D23,'Daily Capture'!$B$2:$B$201,IF($A23="","*", $A23),'Daily Capture'!$C$2:$C$201,IF($B23="","*", $B23),'Daily Capture'!$G$2:$G$201,"Yes")/$E23) | G23: =IF($E23=0,"",SUMIFS('Daily Capture'!$J$2:$J$201,'Daily Capture'!$A$2:$A$201,">="&$C23,'Daily Capture'!$A$2:$A$201,"<="&$D23,'Daily Capture'!$B$2:$B$201,IF($A23="","*", $A23),'Daily Capture'!$C$2:$C$201,IF($B23="","*", $B23))) | H23: =IF($G23="","",$G23/60) | I23: =IF($E23=0,"",AVERAGEIFS('Daily Capture'!$L$2:$L$201,'Daily Capture'!$A$2:$A$201,">="&$C23,'Daily Capture'!$A$2:$A$201,"<="&$D23,'Daily Capture'!$B$2:$B$201,IF($A23="","*", $A23),'Daily Capture'!$C$2:$C$201,IF($B23="","*", $B23),'Daily Capture'!$L$2:$L$201,">0")) | J23: =IF($E23=0,"",(COUNTIFS('Daily Capture'!$A$2:$A$201,">="&$C23,'Daily Capture'!$A$2:$A$201,"<="&$D23,'Daily Capture'!$B$2:$B$201,IF($A23="","*", $A23),'Daily Capture'!$C$2:$C$201,IF($B23="","*", $B23),'Daily Capture'!$M$2:$M$201,"Some")+COUNTIFS('Daily Capture'!$A$2:$A$201,">="&$C23,'Daily Capture'!$A$2:$A$201,"<="&$D23,'Daily Capture'!$B$2:$B$201,IF($A23="","*", $A23),'Daily Capture'!$C$2:$C$201,IF($B23="","*", $B23),'Daily Capture'!$M$2:$M$201,"A lot"))/$E23) | K23: =IF($F23="","",IF(ROUND($F23/$B$4*100,0)>100,100,ROUND($F23/$B$4*100,0))) | L23: =IF($E23=0,"",IF(((($G23/$E23)+$B$5)/(2*$B$5)*100)<0,0,IF(((($G23/$E23)+$B$5)/(2*$B$5)*100)>100,100,ROUND(((($G23/$E23)+$B$5)/(2*$B$5)*100),0)))) | M23: =IF($I23="","",IF(((($I23-1)/4)*100)<0,0,IF(((($I23-1)/4)*100)>100,100,ROUND(((($I23-1)/4)*100),0)))) | N23: =IF($J23="","",IF((100 - ($J23*100*$B$6))<0,0,ROUND((100 - ($J23*100*$B$6)),0))) | O23: =IF($E23=0,"",ROUND($K23*$B$9 + $L23*$B$10 + $M23*$B$11 + $N23*$B$12,0))
E24: =COUNTIFS('Daily Capture'!$A$2:$A$201,">="&$C24,'Daily Capture'!$A$2:$A$201,"<="&$D24,'Daily Capture'!$B$2:$B$201,IF($A24="","*", $A24),'Daily Capture'!$C$2:$C$201,IF($B24="","*", $B24),'Daily Capture'!$E$2:$E$201,"<>") -> 0 | F24: =IF($E24=0,"",COUNTIFS('Daily Capture'!$A$2:$A$201,">="&$C24,'Daily Capture'!$A$2:$A$201,"<="&$D24,'Daily Capture'!$B$2:$B$201,IF($A24="","*", $A24),'Daily Capture'!$C$2:$C$201,IF($B24="","*", $B24),'Daily Capture'!$G$2:$G$201,"Yes")/$E24) | G24: =IF($E24=0,"",SUMIFS('Daily Capture'!$J$2:$J$201,'Daily Capture'!$A$2:$A$201,">="&$C24,'Daily Capture'!$A$2:$A$201,"<="&$D24,'Daily Capture'!$B$2:$B$201,IF($A24="","*", $A24),'Daily Capture'!$C$2:$C$201,IF($B24="","*", $B24))) | H24: =IF($G24="","",$G24/60) | I24: =IF($E24=0,"",AVERAGEIFS('Daily Capture'!$L$2:$L$201,'Daily Capture'!$A$2:$A$201,">="&$C24,'Daily Capture'!$A$2:$A$201,"<="&$D24,'Daily Capture'!$B$2:$B$201,IF($A24="","*", $A24),'Daily Capture'!$C$2:$C$201,IF($B24="","*", $B24),'Daily Capture'!$L$2:$L$201,">0")) | J24: =IF($E24=0,"",(COUNTIFS('Daily Capture'!$A$2:$A$201,">="&$C24,'Daily Capture'!$A$2:$A$201,"<="&$D24,'Daily Capture'!$B$2:$B$201,IF($A24="","*", $A24),'Daily Capture'!$C$2:$C$201,IF($B24="","*", $B24),'Daily Capture'!$M$2:$M$201,"Some")+COUNTIFS('Daily Capture'!$A$2:$A$201,">="&$C24,'Daily Capture'!$A$2:$A$201,"<="&$D24,'Daily Capture'!$B$2:$B$201,IF($A24="","*", $A24),'Daily Capture'!$C$2:$C$201,IF($B24="","*", $B24),'Daily Capture'!$M$2:$M$201,"A lot"))/$E24) | K24: =IF($F24="","",IF(ROUND($F24/$B$4*100,0)>100,100,ROUND($F24/$B$4*100,0))) | L24: =IF($E24=0,"",IF(((($G24/$E24)+$B$5)/(2*$B$5)*100)<0,0,IF(((($G24/$E24)+$B$5)/(2*$B$5)*100)>100,100,ROUND(((($G24/$E24)+$B$5)/(2*$B$5)*100),0)))) | M24: =IF($I24="","",IF(((($I24-1)/4)*100)<0,0,IF(((($I24-1)/4)*100)>100,100,ROUND(((($I24-1)/4)*100),0)))) | N24: =IF($J24="","",IF((100 - ($J24*100*$B$6))<0,0,ROUND((100 - ($J24*100*$B$6)),0))) | O24: =IF($E24=0,"",ROUND($K24*$B$9 + $L24*$B$10 + $M24*$B$11 + $N24*$B$12,0))
E25: =COUNTIFS('Daily Capture'!$A$2:$A$201,">="&$C25,'Daily Capture'!$A$2:$A$201,"<="&$D25,'Daily Capture'!$B$2:$B$201,IF($A25="","*", $A25),'Daily Capture'!$C$2:$C$201,IF($B25="","*", $B25),'Daily Capture'!$E$2:$E$201,"<>") -> 0 | F25: =IF($E25=0,"",COUNTIFS('Daily Capture'!$A$2:$A$201,">="&$C25,'Daily Capture'!$A$2:$A$201,"<="&$D25,'Daily Capture'!$B$2:$B$201,IF($A25="","*", $A25),'Daily Capture'!$C$2:$C$201,IF($B25="","*", $B25),'Daily Capture'!$G$2:$G$201,"Yes")/$E25) | G25: =IF($E25=0,"",SUMIFS('Daily Capture'!$J$2:$J$201,'Daily Capture'!$A$2:$A$201,">="&$C25,'Daily Capture'!$A$2:$A$201,"<="&$D25,'Daily Capture'!$B$2:$B$201,IF($A25="","*", $A25),'Daily Capture'!$C$2:$C$201,IF($B25="","*", $B25))) | H25: =IF($G25="","",$G25/60) | I25: =IF($E25=0,"",AVERAGEIFS('Daily Capture'!$L$2:$L$201,'Daily Capture'!$A$2:$A$201,">="&$C25,'Daily Capture'!$A$2:$A$201,"<="&$D25,'Daily Capture'!$B$2:$B$201,IF($A25="","*", $A25),'Daily Capture'!$C$2:$C$201,IF($B25="","*", $B25),'Daily Capture'!$L$2:$L$201,">0")) | J25: =IF($E25=0,"",(COUNTIFS('Daily Capture'!$A$2:$A$201,">="&$C25,'Daily Capture'!$A$2:$A$201,"<="&$D25,'Daily Capture'!$B$2:$B$201,IF($A25="","*", $A25),'Daily Capture'!$C$2:$C$201,IF($B25="","*", $B25),'Daily Capture'!$M$2:$M$201,"Some")+COUNTIFS('Daily Capture'!$A$2:$A$201,">="&$C25,'Daily Capture'!$A$2:$A$201,"<="&$D25,'Daily Capture'!$B$2:$B$201,IF($A25="","*", $A25),'Daily Capture'!$C$2:$C$201,IF($B25="","*", $B25),'Daily Capture'!$M$2:$M$201,"A lot"))/$E25) | K25: =IF($F25="","",IF(ROUND($F25/$B$4*100,0)>100,100,ROUND($F25/$B$4*100,0))) | L25: =IF($E25=0,"",IF(((($G25/$E25)+$B$5)/(2*$B$5)*100)<0,0,IF(((($G25/$E25)+$B$5)/(2*$B$5)*100)>100,100,ROUND(((($G25/$E25)+$B$5)/(2*$B$5)*100),0)))) | M25: =IF($I25="","",IF(((($I25-1)/4)*100)<0,0,IF(((($I25-1)/4)*100)>100,100,ROUND(((($I25-1)/4)*100),0)))) | N25: =IF($J25="","",IF((100 - ($J25*100*$B$6))<0,0,ROUND((100 - ($J25*100*$B$6)),0))) | O25: =IF($E25=0,"",ROUND($K25*$B$9 + $L25*$B$10 + $M25*$B$11 + $N25*$B$12,0))
E26: =COUNTIFS('Daily Capture'!$A$2:$A$201,">="&$C26,'Daily Capture'!$A$2:$A$201,"<="&$D26,'Daily Capture'!$B$2:$B$201,IF($A26="","*", $A26),'Daily Capture'!$C$2:$C$201,IF($B26="","*", $B26),'Daily Capture'!$E$2:$E$201,"<>") -> 0 | F26: =IF($E26=0,"",COUNTIFS('Daily Capture'!$A$2:$A$201,">="&$C26,'Daily Capture'!$A$2:$A$201,"<="&$D26,'Daily Capture'!$B$2:$B$201,IF($A26="","*", $A26),'Daily Capture'!$C$2:$C$201,IF($B26="","*", $B26),'Daily Capture'!$G$2:$G$201,"Yes")/$E26) | G26: =IF($E26=0,"",SUMIFS('Daily Capture'!$J$2:$J$201,'Daily Capture'!$A$2:$A$201,">="&$C26,'Daily Capture'!$A$2:$A$201,"<="&$D26,'Daily Capture'!$B$2:$B$201,IF($A26="","*", $A26),'Daily Capture'!$C$2:$C$201,IF($B26="","*", $B26))) | H26: =IF($G26="","",$G26/60) | I26: =IF($E26=0,"",AVERAGEIFS('Daily Capture'!$L$2:$L$201,'Daily Capture'!$A$2:$A$201,">="&$C26,'Daily Capture'!$A$2:$A$201,"<="&$D26,'Daily Capture'!$B$2:$B$201,IF($A26="","*", $A26),'Daily Capture'!$C$2:$C$201,IF($B26="","*", $B26),'Daily Capture'!$L$2:$L$201,">0")) | J26: =IF($E26=0,"",(COUNTIFS('Daily Capture'!$A$2:$A$201,">="&$C26,'Daily Capture'!$A$2:$A$201,"<="&$D26,'Daily Capture'!$B$2:$B$201,IF($A26="","*", $A26),'Daily Capture'!$C$2:$C$201,IF($B26="","*", $B26),'Daily Capture'!$M$2:$M$201,"Some")+COUNTIFS('Daily Capture'!$A$2:$A$201,">="&$C26,'Daily Capture'!$A$2:$A$201,"<="&$D26,'Daily Capture'!$B$2:$B$201,IF($A26="","*", $A26),'Daily Capture'!$C$2:$C$201,IF($B26="","*", $B26),'Daily Capture'!$M$2:$M$201,"A lot"))/$E26) | K26: =IF($F26="","",IF(ROUND($F26/$B$4*100,0)>100,100,ROUND($F26/$B$4*100,0))) | L26: =IF($E26=0,"",IF(((($G26/$E26)+$B$5)/(2*$B$5)*100)<0,0,IF(((($G26/$E26)+$B$5)/(2*$B$5)*100)>100,100,ROUND(((($G26/$E26)+$B$5)/(2*$B$5)*100),0)))) | M26: =IF($I26="","",IF(((($I26-1)/4)*100)<0,0,IF(((($I26-1)/4)*100)>100,100,ROUND(((($I26-1)/4)*100),0)))) | N26: =IF($J26="","",IF((100 - ($J26*100*$B$6))<0,0,ROUND((100 - ($J26*100*$B$6)),0))) | O26: =IF($E26=0,"",ROUND($K26*$B$9 + $L26*$B$10 + $M26*$B$11 + $N26*$B$12,0))
E27: =COUNTIFS('Daily Capture'!$A$2:$A$201,">="&$C27,'Daily Capture'!$A$2:$A$201,"<="&$D27,'Daily Capture'!$B$2:$B$201,IF($A27="","*", $A27),'Daily Capture'!$C$2:$C$201,IF($B27="","*", $B27),'Daily Capture'!$E$2:$E$201,"<>") -> 0 | F27: =IF($E27=0,"",COUNTIFS('Daily Capture'!$A$2:$A$201,">="&$C27,'Daily Capture'!$A$2:$A$201,"<="&$D27,'Daily Capture'!$B$2:$B$201,IF($A27="","*", $A27),'Daily Capture'!$C$2:$C$201,IF($B27="","*", $B27),'Daily Capture'!$G$2:$G$201,"Yes")/$E27) | G27: =IF($E27=0,"",SUMIFS('Daily Capture'!$J$2:$J$201,'Daily Capture'!$A$2:$A$201,">="&$C27,'Daily Capture'!$A$2:$A$201,"<="&$D27,'Daily Capture'!$B$2:$B$201,IF($A27="","*", $A27),'Daily Capture'!$C$2:$C$201,IF($B27="","*", $B27))) | H27: =IF($G27="","",$G27/60) | I27: =IF($E27=0,"",AVERAGEIFS('Daily Capture'!$L$2:$L$201,'Daily Capture'!$A$2:$A$201,">="&$C27,'Daily Capture'!$A$2:$A$201,"<="&$D27,'Daily Capture'!$B$2:$B$201,IF($A27="","*", $A27),'Daily Capture'!$C$2:$C$201,IF($B27="","*", $B27),'Daily Capture'!$L$2:$L$201,">0")) | J27: =IF($E27=0,"",(COUNTIFS('Daily Capture'!$A$2:$A$201,">="&$C27,'Daily Capture'!$A$2:$A$201,"<="&$D27,'Daily Capture'!$B$2:$B$201,IF($A27="","*", $A27),'Daily Capture'!$C$2:$C$201,IF($B27="","*", $B27),'Daily Capture'!$M$2:$M$201,"Some")+COUNTIFS('Daily Capture'!$A$2:$A$201,">="&$C27,'Daily Capture'!$A$2:$A$201,"<="&$D27,'Daily Capture'!$B$2:$B$201,IF($A27="","*", $A27),'Daily Capture'!$C$2:$C$201,IF($B27="","*", $B27),'Daily Capture'!$M$2:$M$201,"A lot"))/$E27) | K27: =IF($F27="","",IF(ROUND($F27/$B$4*100,0)>100,100,ROUND($F27/$B$4*100,0))) | L27: =IF($E27=0,"",IF(((($G27/$E27)+$B$5)/(2*$B$5)*100)<0,0,IF(((($G27/$E27)+$B$5)/(2*$B$5)*100)>100,100,ROUND(((($G27/$E27)+$B$5)/(2*$B$5)*100),0)))) | M27: =IF($I27="","",IF(((($I27-1)/4)*100)<0,0,IF(((($I27-1)/4)*100)>100,100,ROUND(((($I27-1)/4)*100),0)))) | N27: =IF($J27="","",IF((100 - ($J27*100*$B$6))<0,0,ROUND((100 - ($J27*100*$B$6)),0))) | O27: =IF($E27=0,"",ROUND($K27*$B$9 + $L27*$B$10 + $M27*$B$11 + $N27*$B$12,0))
... E45: =COUNTIFS('Daily Capture'!$A$2:$A$201,">="&$C45,'Daily Capture'!$A$2:$A$201,"<="&$D45,'Daily Capture'!$B$2:$B$201,IF($A45="","*", $A45),'Daily Capture'!$C$2:$C$201,IF($B45="","*", $B45),'Daily Capture'!$E$2:$E$201,"<>") -> 0 | F45: =IF($E45=0,"",COUNTIFS('Daily Capture'!$A$2:$A$201,">="&$C45,'Daily Capture'!$A$2:$A$201,"<="&$D45,'Daily Capture'!$B$2:$B$201,IF($A45="","*", $A45),'Daily Capture'!$C$2:$C$201,IF($B45="","*", $B45),'Daily Capture'!$G$2:$G$201,"Yes")/$E45) | G45: =IF($E45=0,"",SUMIFS('Daily Capture'!$J$2:$J$201,'Daily Capture'!$A$2:$A$201,">="&$C45,'Daily Capture'!$A$2:$A$201,"<="&$D45,'Daily Capture'!$B$2:$B$201,IF($A45="","*", $A45),'Daily Capture'!$C$2:$C$201,IF($B45="","*", $B45))) | H45: =IF($G45="","",$G45/60) | I45: =IF($E45=0,"",AVERAGEIFS('Daily Capture'!$L$2:$L$201,'Daily Capture'!$A$2:$A$201,">="&$C45,'Daily Capture'!$A$2:$A$201,"<="&$D45,'Daily Capture'!$B$2:$B$201,IF($A45="","*", $A45),'Daily Capture'!$C$2:$C$201,IF($B45="","*", $B45),'Daily Capture'!$L$2:$L$201,">0")) | J45: =IF($E45=0,"",(COUNTIFS('Daily Capture'!$A$2:$A$201,">="&$C45,'Daily Capture'!$A$2:$A$201,"<="&$D45,'Daily Capture'!$B$2:$B$201,IF($A45="","*", $A45),'Daily Capture'!$C$2:$C$201,IF($B45="","*", $B45),'Daily Capture'!$M$2:$M$201,"Some")+COUNTIFS('Daily Capture'!$A$2:$A$201,">="&$C45,'Daily Capture'!$A$2:$A$201,"<="&$D45,'Daily Capture'!$B$2:$B$201,IF($A45="","*", $A45),'Daily Capture'!$C$2:$C$201,IF($B45="","*", $B45),'Daily Capture'!$M$2:$M$201,"A lot"))/$E45) | K45: =IF($F45="","",IF(ROUND($F45/$B$4*100,0)>100,100,ROUND($F45/$B$4*100,0))) | L45: =IF($E45=0,"",IF(((($G45/$E45)+$B$5)/(2*$B$5)*100)<0,0,IF(((($G45/$E45)+$B$5)/(2*$B$5)*100)>100,100,ROUND(((($G45/$E45)+$B$5)/(2*$B$5)*100),0)))) | M45: =IF($I45="","",IF(((($I45-1)/4)*100)<0,0,IF(((($I45-1)/4)*100)>100,100,ROUND(((($I45-1)/4)*100),0)))) | N45: =IF($J45="","",IF((100 - ($J45*100*$B$6))<0,0,ROUND((100 - ($J45*100*$B$6)),0))) | O45: =IF($E45=0,"",ROUND($K45*$B$9 + $L45*$B$10 + $M45*$B$11 + $N45*$B$12,0))

Sheet Dashboard
A1: Dashboard (from Scorecard)
A3: Average Overall Score | B3: =IFERROR(AVERAGEIF(Scorecard!$O$16:$O$45,">0"),"")
A4: Average Adoption % | B4: =IFERROR(AVERAGEIF(Scorecard!$F$16:$F$45,">0"),"")
A5: Total Net Hours | B5: =IFERROR(SUMIF(Scorecard!$H$16:$H$45,">0",Scorecard!$H$16:$H$45),"") -> 0
A8: Sprint-Team | B8: Overall | C8: Adoption % | D8: Net Hours
A9: =IF(Scorecard!$A$16="","",Scorecard!$A$16&" - "&Scorecard!$B$16) | B9: =Scorecard!$O$16 | C9: =Scorecard!$F$16 | D9: =Scorecard!$H$16
A10: =IF(Scorecard!$A$17="","",Scorecard!$A$17&" - "&Scorecard!$B$17) | B10: =Scorecard!$O$17 | C10: =Scorecard!$F$17 | D10: =Scorecard!$H$17
A11: =IF(Scorecard!$A$18="","",Scorecard!$A$18&" - "&Scorecard!$B$18) | B11: =Scorecard!$O$18 | C11: =Scorecard!$F$18 | D11: =Scorecard!$H$18
A12: =IF(Scorecard!$A$19="","",Scorecard!$A$19&" - "&Scorecard!$B$19) | B12: =Scorecard!$O$19 | C12: =Scorecard!$F$19 | D12: =Scorecard!$H$19
A13: =IF(Scorecard!$A$20="","",Scorecard!$A$20&" - "&Scorecard!$B$20) | B13: =Scorecard!$O$20 | C13: =Scorecard!$F$20 | D13: =Scorecard!$H$20
A14: =IF(Scorecard!$A$21="","",Scorecard!$A$21&" - "&Scorecard!$B$21) | B14: =Scorecard!$O$21 | C14: =Scorecard!$F$21 | D14: =Scorecard!$H$21
A15: =IF(Scorecard!$A$22="","",Scorecard!$A$22&" - "&Scorecard!$B$22) | B15: =Scorecard!$O$22 | C15: =Scorecard!$F$22 | D15: =Scorecard!$H$22
A16: =IF(Scorecard!$A$23="","",Scorecard!$A$23&" - "&Scorecard!$B$23) | B16: =Scorecard!$O$23 | C16: =Scorecard!$F$23 | D16: =Scorecard!$H$23
A17: =IF(Scorecard!$A$24="","",Scorecard!$A$24&" - "&Scorecard!$B$24) | B17: =Scorecard!$O$24 | C17: =Scorecard!$F$24 | D17: =Scorecard!$H$24
A18: =IF(Scorecard!$A$25="","",Scorecard!$A$25&" - "&Scorecard!$B$25) | B18: =Scorecard!$O$25 | C18: =Scorecard!$F$25 | D18: =Scorecard!$H$25
A19: =IF(Scorecard!$A$26="","",Scorecard!$A$26&" - "&Scorecard!$B$26) | B19: =Scorecard!$O$26 | C19: =Scorecard!$F$26 | D19: =Scorecard!$H$26
A20: =IF(Scorecard!$A$27="","",Scorecard!$A$27&" - "&Scorecard!$B$27) | B20: =Scorecard!$O$27 | C20: =Scorecard!$F$27 | D20: =Scorecard!$H$27
A21: =IF(Scorecard!$A$28="","",Scorecard!$A$28&" - "&Scorecard!$B$28) | B21: =Scorecard!$O$28 | C21: =Scorecard!$F$28 | D21: =Scorecard!$H$28
A22: =IF(Scorecard!$A$29="","",Scorecard!$A$29&" - "&Scorecard!$B$29) | B22: =Scorecard!$O$29 | C22: =Scorecard!$F$29 | D22: =Scorecard!$H$29
A23: =IF(Scorecard!$A$30="","",Scorecard!$A$30&" - "&Scorecard!$B$30) | B23: =Scorecard!$O$30 | C23: =Scorecard!$F$30 | D23: =Scorecard!$H$30
A24: =IF(Scorecard!$A$31="","",Scorecard!$A$31&" - "&Scorecard!$B$31) | B24: =Scorecard!$O$31 | C24: =Scorecard!$F$31 | D24: =Scorecard!$H$31
A25: =IF(Scorecard!$A$32="","",Scorecard!$A$32&" - "&Scorecard!$B$32) | B25: =Scorecard!$O$32 | C25: =Scorecard!$F$32 | D25: =Scorecard!$H$32
A26: =IF(Scorecard!$A$33="","",Scorecard!$A$33&" - "&Scorecard!$B$33) | B26: =Scorecard!$O$33 | C26: =Scorecard!$F$33 | D26: =Scorecard!$H$33
A27: =IF(Scorecard!$A$34="","",Scorecard!$A$34&" - "&Scorecard!$B$34) | B27: =Scorecard!$O$34 | C27: =Scorecard!$F$34 | D27: =Scorecard!$H$34
A28: =IF(Scorecard!$A$35="","",Scorecard!$A$35&" - "&Scorecard!$B$35) | B28: =Scorecard!$O$35 | C28: =Scorecard!$F$35 | D28: =Scorecard!$H$35
A29: =IF(Scorecard!$A$36="","",Scorecard!$A$36&" - "&Scorecard!$B$36) | B29: =Scorecard!$O$36 | C29: =Scorecard!$F$36 | D29: =Scorecard!$H$36
A30: =IF(Scorecard!$A$37="","",Scorecard!$A$37&" - "&Scorecard!$B$37) | B30: =Scorecard!$O$37 | C30: =Scorecard!$F$37 | D30: =Scorecard!$H$37
A31: =IF(Scorecard!$A$38="","",Scorecard!$A$38&" - "&Scorecard!$B$38) | B31: =Scorecard!$O$38 | C31: =Scorecard!$F$38 | D31: =Scorecard!$H$38
A32: =IF(Scorecard!$A$39="","",Scorecard!$A$39&" - "&Scorecard!$B$39) | B32: =Scorecard!$O$39 | C32: =Scorecard!$F$39 | D32: =Scorecard!$H$39
A33: =IF(Scorecard!$A$40="","",Scorecard!$A$40&" - "&Scorecard!$B$40) | B33: =Scorecard!$O$40 | C33: =Scorecard!$F$40 | D33: =Scorecard!$H$40
A34: =IF(Scorecard!$A$41="","",Scorecard!$A$41&" - "&Scorecard!$B$41) | B34: =Scorecard!$O$41 | C34: =Scorecard!$F$41 | D34: =Scorecard!$H$41
A35: =IF(Scorecard!$A$42="","",Scorecard!$A$42&" - "&Scorecard!$B$42) | B35: =Scorecard!$O$42 | C35: =Scorecard!$F$42 | D35: =Scorecard!$H$42
A36: =IF(Scorecard!$A$43="","",Scorecard!$A$43&" - "&Scorecard!$B$43) | B36: =Scorecard!$O$43 | C36: =Scorecard!$F$43 | D36: =Scorecard!$H$43
A37: =IF(Scorecard!$A$44="","",Scorecard!$A$44&" - "&Scorecard!$B$44) | B37: =Scorecard!$O$44 | C37: =Scorecard!$F$44 | D37: =Scorecard!$H$44
A38: =IF(Scorecard!$A$45="","",Scorecard!$A$45&" - "&Scorecard!$B$45) | B38: =Scorecard!$O$45 | C38: =Scorecard!$F$45 | D38: =Scorecard!$H$45

Sheet Lists
A1: Dropdown Lists (do not edit list names; you can edit list values)
A3: YesNo | B3: Yes | C3: No
A5: Confidence | B5: High | C5: Medium | D5: Low
A7: Helpfulness1to5 | B7: 1 | C7: 2 | D7: 3 | E7: 4 | F7: 5
A9: Rework | B9: None | C9: Some | D9: A lot
A11: PainPoints | B11: None | C11: Wrong/low-quality suggestion | D11: Security/compliance concern | E11: Test generation not useful | F11: Hallucinated APIs / incorrect usage | G11: Context missing (repo too large / not enough files) | H11: Prompting/asking took too long | I11: Refactor/review overhead increased | J11: Performance/latency issues | K11: Policy blocked (restricted code/data) | L11: Other
A13: UseType | B13: Feature | C13: Bug fix | D13: Unit tests | E13: Documentation | F13: Refactor | G13: DevOps/IaC | H13: Learning/Exploration | I13: Other
